"","Ceramide","LMM_Coeff_LirAlbu","Std_error_LirAlbu","pval_LirAlbu","LMM_Coeff_LiraFlame","Std_error_LiraFlame","pval_LiraFlame"
"1","Cer16",-0.0328019251918611,0.0277081626661459,0.240269191542061,-0.000255721389290537,0.000125977663428965,0.0451169843673676
"2","Cer18",-0.0153216879035843,0.0325668809323532,0.639403628838716,-0.000599993829902337,0.000345855462438063,0.0860444908182674
"3","Cer20",-0.0308162009032843,0.0525652692832921,0.559489807152069,2.95333419559189e-05,2.62923732210331e-05,0.26404803071476
"4","Cer22",-0.239456022634573,0.251618027011217,0.344355760743365,-0.000127186043350506,0.000169049163269886,0.453643973465913
"5","Cer24:0",-1.00609795055169,1.07457411980448,0.352165739759047,-0.0310786433669367,0.0192883369458772,0.110478819503611
"6","Cer24:1",0.0886462775891031,0.32555544863783,0.786154319275561,-0.0134204559682773,0.0066798695929552,0.0474389434611394
